INSERT INTO vendors (id, name, email, phone, address, tax_id, payment_terms_days, credit_limit, is_active, created_at, updated_at) VALUES ('vendor_1', 'Vendor 1', 'vendor1@example.com', '+1-555-8074', '1 Example Street, City, ST, 12345', 'TAX-204922', 45, 34627.41, 1, '2025-08-04T21:36:27.163278', '2025-08-04T21:36:27.163278');
INSERT INTO vendors (id, name, email, phone, address, tax_id, payment_terms_days, credit_limit, is_active, created_at, updated_at) VALUES ('vendor_2', 'Vendor 2', 'vendor2@example.com', '+1-555-9037', '2 Example Street, City, ST, 12345', 'TAX-922474', 15, 18085.26, 1, '2025-08-04T21:36:27.163335', '2025-08-04T21:36:27.163335');
INSERT INTO vendors (id, name, email, phone, address, tax_id, payment_terms_days, credit_limit, is_active, created_at, updated_at) VALUES ('vendor_3', 'Vendor 3', 'vendor3@example.com', '+1-555-8490', '3 Example Street, City, ST, 12345', 'TAX-955470', 45, 37526.82, 1, '2025-08-04T21:36:27.163350', '2025-08-04T21:36:27.163350');
INSERT INTO vendors (id, name, email, phone, address, tax_id, payment_terms_days, credit_limit, is_active, created_at, updated_at) VALUES ('vendor_4', 'Vendor 4', 'vendor4@example.com', '+1-555-7626', '4 Example Street, City, ST, 12345', 'TAX-745626', 45, 45517.78, 1, '2025-08-04T21:36:27.163364', '2025-08-04T21:36:27.163364');
INSERT INTO vendors (id, name, email, phone, address, tax_id, payment_terms_days, credit_limit, is_active, created_at, updated_at) VALUES ('vendor_5', 'Vendor 5', 'vendor5@example.com', '+1-555-3855', '5 Example Street, City, ST, 12345', 'TAX-301355', 45, 30743.36, 1, '2025-08-04T21:36:27.163394', '2025-08-04T21:36:27.163394');
INSERT INTO vendors (id, name, email, phone, address, tax_id, payment_terms_days, credit_limit, is_active, created_at, updated_at) VALUES ('vendor_6', 'Vendor 6', 'vendor6@example.com', '+1-555-7429', '6 Example Street, City, ST, 12345', 'TAX-820081', 45, 16259.93, 1, '2025-08-04T21:36:27.163406', '2025-08-04T21:36:27.163406');
INSERT INTO vendors (id, name, email, phone, address, tax_id, payment_terms_days, credit_limit, is_active, created_at, updated_at) VALUES ('vendor_7', 'Vendor 7', 'vendor7@example.com', '+1-555-6338', '7 Example Street, City, ST, 12345', 'TAX-307646', 15, 11753.99, 1, '2025-08-04T21:36:27.163415', '2025-08-04T21:36:27.163415');
INSERT INTO vendors (id, name, email, phone, address, tax_id, payment_terms_days, credit_limit, is_active, created_at, updated_at) VALUES ('vendor_8', 'Vendor 8', 'vendor8@example.com', '+1-555-5133', '8 Example Street, City, ST, 12345', 'TAX-440569', 15, 10683.11, 1, '2025-08-04T21:36:27.163424', '2025-08-04T21:36:27.163424');
INSERT INTO vendors (id, name, email, phone, address, tax_id, payment_terms_days, credit_limit, is_active, created_at, updated_at) VALUES ('vendor_9', 'Vendor 9', 'vendor9@example.com', '+1-555-1730', '9 Example Street, City, ST, 12345', 'TAX-758579', 30, 42925.72, 1, '2025-08-04T21:36:27.163434', '2025-08-04T21:36:27.163434');
INSERT INTO vendors (id, name, email, phone, address, tax_id, payment_terms_days, credit_limit, is_active, created_at, updated_at) VALUES ('vendor_10', 'Vendor 10', 'vendor10@example.com', '+1-555-5309', '10 Example Street, City, ST, 12345', 'TAX-225754', 15, 22787.44, 1, '2025-08-04T21:36:27.163446', '2025-08-04T21:36:27.163446');
INSERT INTO invoices (id, invoice_number, vendor_id, amount, description, invoice_date, due_date, paid, paid_date, created_at, updated_at) VALUES ('invoice_vendor_1_0', 'INV-1000', 'vendor_1', 5954.4, 'Invoice for wholesale goods delivered', '2025-06-11T21:36:27.163552', '2025-06-26T21:36:27.163552', 1, '2025-07-09T21:36:27.163552', '2025-08-04T21:36:27.163552', '2025-08-04T21:36:27.163552');
INSERT INTO invoices (id, invoice_number, vendor_id, amount, description, invoice_date, due_date, paid, paid_date, created_at, updated_at) VALUES ('invoice_vendor_1_1', 'INV-1001', 'vendor_1', 2715.91, 'Invoice for wholesale goods delivered', '2025-07-29T21:36:27.163583', '2025-09-12T21:36:27.163583', 1, '2025-08-24T21:36:27.163583', '2025-08-04T21:36:27.163583', '2025-08-04T21:36:27.163583');
INSERT INTO invoices (id, invoice_number, vendor_id, amount, description, invoice_date, due_date, paid, paid_date, created_at, updated_at) VALUES ('invoice_vendor_1_2', 'INV-1002', 'vendor_1', 8648.3, 'Invoice for wholesale goods delivered', '2025-07-04T21:36:27.163600', '2025-07-19T21:36:27.163600', 0, NULL, '2025-08-04T21:36:27.163600', '2025-08-04T21:36:27.163600');
INSERT INTO invoices (id, invoice_number, vendor_id, amount, description, invoice_date, due_date, paid, paid_date, created_at, updated_at) VALUES ('invoice_vendor_2_0', 'INV-2000', 'vendor_2', 6585.65, 'Invoice for wholesale goods delivered', '2025-06-07T21:36:27.163621', '2025-07-22T21:36:27.163621', 0, NULL, '2025-08-04T21:36:27.163621', '2025-08-04T21:36:27.163621');
INSERT INTO invoices (id, invoice_number, vendor_id, amount, description, invoice_date, due_date, paid, paid_date, created_at, updated_at) VALUES ('invoice_vendor_2_1', 'INV-2001', 'vendor_2', 9405.52, 'Invoice for wholesale goods delivered', '2025-06-26T21:36:27.163642', '2025-07-26T21:36:27.163642', 0, NULL, '2025-08-04T21:36:27.163642', '2025-08-04T21:36:27.163642');
INSERT INTO invoices (id, invoice_number, vendor_id, amount, description, invoice_date, due_date, paid, paid_date, created_at, updated_at) VALUES ('invoice_vendor_2_2', 'INV-2002', 'vendor_2', 8897.14, 'Invoice for wholesale goods delivered', '2025-06-07T21:36:27.163658', '2025-07-22T21:36:27.163658', 0, NULL, '2025-08-04T21:36:27.163658', '2025-08-04T21:36:27.163658');
INSERT INTO invoices (id, invoice_number, vendor_id, amount, description, invoice_date, due_date, paid, paid_date, created_at, updated_at) VALUES ('invoice_vendor_2_3', 'INV-2003', 'vendor_2', 8562.59, 'Invoice for wholesale goods delivered', '2025-07-13T21:36:27.163671', '2025-08-12T21:36:27.163671', 0, NULL, '2025-08-04T21:36:27.163671', '2025-08-04T21:36:27.163671');
INSERT INTO invoices (id, invoice_number, vendor_id, amount, description, invoice_date, due_date, paid, paid_date, created_at, updated_at) VALUES ('invoice_vendor_3_0', 'INV-3000', 'vendor_3', 2171.29, 'Invoice for wholesale goods delivered', '2025-07-06T21:36:27.163687', '2025-08-20T21:36:27.163687', 1, '2025-07-30T21:36:27.163687', '2025-08-04T21:36:27.163687', '2025-08-04T21:36:27.163687');
INSERT INTO invoices (id, invoice_number, vendor_id, amount, description, invoice_date, due_date, paid, paid_date, created_at, updated_at) VALUES ('invoice_vendor_3_1', 'INV-3001', 'vendor_3', 8081.54, 'Invoice for wholesale goods delivered', '2025-07-28T21:36:27.163705', '2025-08-12T21:36:27.163705', 1, '2025-08-27T21:36:27.163705', '2025-08-04T21:36:27.163705', '2025-08-04T21:36:27.163705');
INSERT INTO invoices (id, invoice_number, vendor_id, amount, description, invoice_date, due_date, paid, paid_date, created_at, updated_at) VALUES ('invoice_vendor_4_0', 'INV-4000', 'vendor_4', 3664.47, 'Invoice for wholesale goods delivered', '2025-07-30T21:36:27.163725', '2025-09-13T21:36:27.163725', 1, '2025-08-25T21:36:27.163725', '2025-08-04T21:36:27.163725', '2025-08-04T21:36:27.163725');
INSERT INTO invoices (id, invoice_number, vendor_id, amount, description, invoice_date, due_date, paid, paid_date, created_at, updated_at) VALUES ('invoice_vendor_4_1', 'INV-4001', 'vendor_4', 3817.41, 'Invoice for wholesale goods delivered', '2025-07-24T21:36:27.163747', '2025-08-08T21:36:27.163747', 0, NULL, '2025-08-04T21:36:27.163747', '2025-08-04T21:36:27.163747');
INSERT INTO invoices (id, invoice_number, vendor_id, amount, description, invoice_date, due_date, paid, paid_date, created_at, updated_at) VALUES ('invoice_vendor_5_0', 'INV-5000', 'vendor_5', 2363.95, 'Invoice for wholesale goods delivered', '2025-07-03T21:36:27.163787', '2025-08-02T21:36:27.163787', 0, NULL, '2025-08-04T21:36:27.163787', '2025-08-04T21:36:27.163787');
INSERT INTO invoices (id, invoice_number, vendor_id, amount, description, invoice_date, due_date, paid, paid_date, created_at, updated_at) VALUES ('invoice_vendor_5_1', 'INV-5001', 'vendor_5', 6314.42, 'Invoice for wholesale goods delivered', '2025-07-10T21:36:27.163800', '2025-08-09T21:36:27.163800', 1, '2025-07-15T21:36:27.163800', '2025-08-04T21:36:27.163800', '2025-08-04T21:36:27.163800');
INSERT INTO invoices (id, invoice_number, vendor_id, amount, description, invoice_date, due_date, paid, paid_date, created_at, updated_at) VALUES ('invoice_vendor_5_2', 'INV-5002', 'vendor_5', 9144.82, 'Invoice for wholesale goods delivered', '2025-06-07T21:36:27.163814', '2025-06-22T21:36:27.163814', 1, '2025-06-13T21:36:27.163814', '2025-08-04T21:36:27.163814', '2025-08-04T21:36:27.163814');
INSERT INTO invoices (id, invoice_number, vendor_id, amount, description, invoice_date, due_date, paid, paid_date, created_at, updated_at) VALUES ('invoice_vendor_6_0', 'INV-6000', 'vendor_6', 9191.1, 'Invoice for wholesale goods delivered', '2025-06-12T21:36:27.163829', '2025-07-27T21:36:27.163829', 0, NULL, '2025-08-04T21:36:27.163829', '2025-08-04T21:36:27.163829');
INSERT INTO invoices (id, invoice_number, vendor_id, amount, description, invoice_date, due_date, paid, paid_date, created_at, updated_at) VALUES ('invoice_vendor_6_1', 'INV-6001', 'vendor_6', 9970.72, 'Invoice for wholesale goods delivered', '2025-06-10T21:36:27.163846', '2025-07-10T21:36:27.163846', 0, NULL, '2025-08-04T21:36:27.163846', '2025-08-04T21:36:27.163846');
INSERT INTO invoices (id, invoice_number, vendor_id, amount, description, invoice_date, due_date, paid, paid_date, created_at, updated_at) VALUES ('invoice_vendor_6_2', 'INV-6002', 'vendor_6', 3894.25, 'Invoice for wholesale goods delivered', '2025-06-10T21:36:27.163863', '2025-07-10T21:36:27.163863', 0, NULL, '2025-08-04T21:36:27.163863', '2025-08-04T21:36:27.163863');
INSERT INTO invoices (id, invoice_number, vendor_id, amount, description, invoice_date, due_date, paid, paid_date, created_at, updated_at) VALUES ('invoice_vendor_7_0', 'INV-7000', 'vendor_7', 4277.54, 'Invoice for wholesale goods delivered', '2025-07-13T21:36:27.163877', '2025-07-28T21:36:27.163877', 0, NULL, '2025-08-04T21:36:27.163877', '2025-08-04T21:36:27.163877');
INSERT INTO invoices (id, invoice_number, vendor_id, amount, description, invoice_date, due_date, paid, paid_date, created_at, updated_at) VALUES ('invoice_vendor_7_1', 'INV-7001', 'vendor_7', 5577.49, 'Invoice for wholesale goods delivered', '2025-07-16T21:36:27.163888', '2025-07-31T21:36:27.163888', 1, '2025-07-26T21:36:27.163888', '2025-08-04T21:36:27.163888', '2025-08-04T21:36:27.163888');
INSERT INTO invoices (id, invoice_number, vendor_id, amount, description, invoice_date, due_date, paid, paid_date, created_at, updated_at) VALUES ('invoice_vendor_7_2', 'INV-7002', 'vendor_7', 2944.91, 'Invoice for wholesale goods delivered', '2025-07-06T21:36:27.163907', '2025-08-20T21:36:27.163907', 1, '2025-07-11T21:36:27.163907', '2025-08-04T21:36:27.163907', '2025-08-04T21:36:27.163907');
INSERT INTO invoices (id, invoice_number, vendor_id, amount, description, invoice_date, due_date, paid, paid_date, created_at, updated_at) VALUES ('invoice_vendor_8_0', 'INV-8000', 'vendor_8', 1643.4, 'Invoice for wholesale goods delivered', '2025-06-11T21:36:27.163928', '2025-06-26T21:36:27.163928', 0, NULL, '2025-08-04T21:36:27.163928', '2025-08-04T21:36:27.163928');
INSERT INTO invoices (id, invoice_number, vendor_id, amount, description, invoice_date, due_date, paid, paid_date, created_at, updated_at) VALUES ('invoice_vendor_8_1', 'INV-8001', 'vendor_8', 7855.55, 'Invoice for wholesale goods delivered', '2025-07-25T21:36:27.163939', '2025-09-08T21:36:27.163939', 0, NULL, '2025-08-04T21:36:27.163939', '2025-08-04T21:36:27.163939');
INSERT INTO invoices (id, invoice_number, vendor_id, amount, description, invoice_date, due_date, paid, paid_date, created_at, updated_at) VALUES ('invoice_vendor_9_0', 'INV-9000', 'vendor_9', 3678.47, 'Invoice for wholesale goods delivered', '2025-06-08T21:36:27.163956', '2025-07-08T21:36:27.163956', 1, '2025-06-17T21:36:27.163956', '2025-08-04T21:36:27.163956', '2025-08-04T21:36:27.163956');
INSERT INTO invoices (id, invoice_number, vendor_id, amount, description, invoice_date, due_date, paid, paid_date, created_at, updated_at) VALUES ('invoice_vendor_9_1', 'INV-9001', 'vendor_9', 4712.19, 'Invoice for wholesale goods delivered', '2025-06-25T21:36:27.163977', '2025-07-25T21:36:27.163977', 1, '2025-06-27T21:36:27.163977', '2025-08-04T21:36:27.163977', '2025-08-04T21:36:27.163977');
INSERT INTO invoices (id, invoice_number, vendor_id, amount, description, invoice_date, due_date, paid, paid_date, created_at, updated_at) VALUES ('invoice_vendor_9_2', 'INV-9002', 'vendor_9', 3930.59, 'Invoice for wholesale goods delivered', '2025-06-08T21:36:27.164111', '2025-07-08T21:36:27.164111', 0, NULL, '2025-08-04T21:36:27.164111', '2025-08-04T21:36:27.164111');
INSERT INTO invoices (id, invoice_number, vendor_id, amount, description, invoice_date, due_date, paid, paid_date, created_at, updated_at) VALUES ('invoice_vendor_10_0', 'INV-0000', 'vendor_10', 9903.63, 'Invoice for wholesale goods delivered', '2025-07-26T21:36:27.164137', '2025-08-25T21:36:27.164137', 0, NULL, '2025-08-04T21:36:27.164137', '2025-08-04T21:36:27.164137');
INSERT INTO invoices (id, invoice_number, vendor_id, amount, description, invoice_date, due_date, paid, paid_date, created_at, updated_at) VALUES ('invoice_vendor_10_1', 'INV-0001', 'vendor_10', 1333.28, 'Invoice for wholesale goods delivered', '2025-07-24T21:36:27.164156', '2025-09-07T21:36:27.164156', 0, NULL, '2025-08-04T21:36:27.164156', '2025-08-04T21:36:27.164156');
INSERT INTO vendor_requests (id, vendor_id, request_type, status, summary, response, created_at, processed_at) VALUES ('8b01bba8-3525-4026-9fda-0baf410aaa7e', 'vendor_1', 'Credit Limit Increase', 'Pending', 'Request submitted via vendor portal.', NULL, '2025-08-04T21:36:27.164254', NULL);
INSERT INTO vendor_requests (id, vendor_id, request_type, status, summary, response, created_at, processed_at) VALUES ('d5770dba-4f1e-43a3-86d0-3a492fb36857', 'vendor_1', 'Credit Limit Increase', 'Pending', 'Request submitted via vendor portal.', NULL, '2025-08-04T21:36:27.164496', NULL);
INSERT INTO vendor_requests (id, vendor_id, request_type, status, summary, response, created_at, processed_at) VALUES ('29076bca-cc16-4a59-850c-47a4412d75ad', 'vendor_5', 'Credit Limit Increase', 'Pending', 'Request submitted via vendor portal.', NULL, '2025-08-04T21:36:27.164587', NULL);
INSERT INTO vendor_requests (id, vendor_id, request_type, status, summary, response, created_at, processed_at) VALUES ('058db3ae-88c6-4ae5-b3a9-2baa6ba2eb85', 'vendor_2', 'Statement Request', 'Pending', 'Request submitted via vendor portal.', NULL, '2025-08-04T21:36:27.164685', NULL);
INSERT INTO vendor_requests (id, vendor_id, request_type, status, summary, response, created_at, processed_at) VALUES ('60f45ff9-6ef8-4550-997a-9081ca798513', 'vendor_7', 'Credit Limit Increase', 'Pending', 'Request submitted via vendor portal.', NULL, '2025-08-04T21:36:27.164719', NULL);